{
  "version": 1,
  "author": "Anonymous maker",
  "editor": "wokwi",
  "parts": [
    { "type": "wokwi-arduino-uno", "id": "uno", "top": 29.4, "left": -58.2, "attrs": {} },
    { "type": "wokwi-led", "id": "led1", "top": -90, "left": 42.2, "attrs": { "color": "red" } },
    { "type": "wokwi-led", "id": "led2", "top": -90, "left": 90.2, "attrs": { "color": "blue" } }
  ],
  "connections": [
    [ "uno:13", "led1:A", "green", [ "v0" ] ],
    [ "uno:GND.1", "led1:C", "black", [ "v0" ] ],
    [ "uno:12", "led2:A", "green", [ "v-19.2", "h77.3" ] ],
    [ "uno:GND.1", "led2:C", "black", [ "v-28.8", "h48.3" ] ]
  ],
  "dependencies": {}
}